Supply,X,Y
Cen1,-7.662593016,84.71799962,
Cen2,-49.00558758,-93.20602036,
Cen3,-93.98345511,26.55543694,
