Cen1,Cen2,Cen3
26334.434000,30101.442000,20990.640000,